{
    "id": "dnd5e-mobile-sheet",
    "name": "dnd5e-mobile-sheet",
    "title": "DND5E Mobile Sheet",
    "description": "A custom module to enhance character sheets for mobile viewing.",
    "authors": [
      {
        "name": "Your Name",
        "email": "your-email@example.com"
      }
    ],
    "scripts": ["src/js/main.js"],
    "styles": ["src/css/styles.css"],
    "version": "1.0.3",
    "compatibility": {
      "minimum": "10",
      "verified": "12"
    },
    "minimumCoreVersion": "10",
    "esmodules": [
      "src/js/main.js"
    ],
    "relationships": {
      "requires": []
    },
    "url": "https://github.com/quanuhs/FoundryMobileSheet",
    "manifest": "https://raw.githubusercontent.com/quanuhs/FoundryMobileSheet/main/module.json",
    "download": "https://raw.githubusercontent.com/quanuhs/FoundryMobileSheet/main/module.zip"
  }